{"cameraMode":{"drawMode":0,"name":"Shaded","section":"Shading Mode"},"sceneLighting":true,"audioPlay":false,"sceneViewState":{"m_AlwaysRefresh":false,"showFog":true,"showSkybox":true,"showFlares":true,"showImageEffects":true,"showParticleSystems":true,"showVisualEffectGraphs":true,"m_FxEnabled":true},"in2DMode":false,"pivot":{"x":-0.974448561668396,"y":1.409999966621399,"z":0.882405161857605},"rotation":{"x":0.024091729894280435,"y":-0.9561391472816467,"z":0.28012555837631228,"w":0.08223509788513184},"size":0.4071896970272064,"orthographic":true}